-- MySQL dump 10.13  Distrib 5.1.73, for Win32 (ia32)
--
-- Host: localhost    Database: labsphp
-- ------------------------------------------------------
-- Server version	5.1.73-community

/*!40101 SET @OLD_CHARACTER_SET_CLIENT=@@CHARACTER_SET_CLIENT */;
/*!40101 SET @OLD_CHARACTER_SET_RESULTS=@@CHARACTER_SET_RESULTS */;
/*!40101 SET @OLD_COLLATION_CONNECTION=@@COLLATION_CONNECTION */;
/*!40101 SET NAMES utf8 */;
/*!40103 SET @OLD_TIME_ZONE=@@TIME_ZONE */;
/*!40103 SET TIME_ZONE='+00:00' */;
/*!40014 SET @OLD_UNIQUE_CHECKS=@@UNIQUE_CHECKS, UNIQUE_CHECKS=0 */;
/*!40014 SET @OLD_FOREIGN_KEY_CHECKS=@@FOREIGN_KEY_CHECKS, FOREIGN_KEY_CHECKS=0 */;
/*!40101 SET @OLD_SQL_MODE=@@SQL_MODE, SQL_MODE='NO_AUTO_VALUE_ON_ZERO' */;
/*!40111 SET @OLD_SQL_NOTES=@@SQL_NOTES, SQL_NOTES=0 */;

--
-- Table structure for table `author`
--

DROP TABLE IF EXISTS `author`;
/*!40101 SET @saved_cs_client     = @@character_set_client */;
/*!40101 SET character_set_client = utf8 */;
CREATE TABLE `author` (
  `id` int(11) NOT NULL AUTO_INCREMENT,
  `fname` varchar(255) DEFAULT NULL,
  `lname` varchar(255) DEFAULT NULL,
  `birth_date` date DEFAULT NULL,
  `photo` varchar(255) DEFAULT NULL,
  `biography` text,
  PRIMARY KEY (`id`)
) ENGINE=InnoDB AUTO_INCREMENT=13 DEFAULT CHARSET=utf8;
/*!40101 SET character_set_client = @saved_cs_client */;

--
-- Dumping data for table `author`
--

LOCK TABLES `author` WRITE;
/*!40000 ALTER TABLE `author` DISABLE KEYS */;
INSERT INTO `author` VALUES (2,'Fedor','Dostoevsky','1843-04-17',NULL,'Phasellus ipsum arcu, semper eget accumsan eu, convallis a arcu. Cras condimentum sapien ut massa imperdiet, vel laoreet neque porta. In vel fringilla ante. Quisque sed sapien eget nisl rhoncus efficitur. Sed eu urna posuere, blandit leo ut, rutrum sapien. Aenean sed augue fringilla, imperdiet odio et, pretium est. Curabitur venenatis nunc sit amet interdum ultrices. Proin et risus quis elit euismod euismod non non lorem. Sed suscipit eget tellus varius sagittis. Integer gravida suscipit facilisis. Nullam eu turpis purus. Maecenas aliquet vestibulum purus, at sollicitudin massa dignissim ut. Sed maximus finibus justo, vitae efficitur purus iaculis nec. Aliquam in justo lorem. Etiam cursus eleifend ipsum. Duis interdum diam eu elit commodo efficitur. Maecenas faucibus velit lectus, id lacinia mauris molestie ut. In hac habitasse platea dictumst. Etiam dictum cursus massa nec scelerisque. Nullam pulvinar arcu eget maximus cursus. Aliquam vel massa eros. Maecenas luctus orci nec purus accumsan interdum. Maecenas iaculis rutrum ex sit amet venenatis. Proin bibendum turpis nisl, ut efficitur ligula condimentum ut. Aenean luctus elit eu diam sodales, id aliquam sem sagittis. Vivamus dolor lectus, tincidunt non enim ac, pulvinar consequat mauris. Duis vitae euismod sapien, et mollis nisl. Aenean lobortis quis neque nec bibendum. In lobortis nibh sed velit dignissim, sit amet mattis mi lacinia. Donec eu neque eu ipsum luctus hendrerit at eget neque. Nam neque ipsum, aliquet accumsan diam et, hendrerit convallis leo. In vestibulum bibendum ipsum nec condimentum. Nunc ornare nunc odio, et ultricies ex mollis quis. Praesent et tempor sapien, vitae efficitur sapien. Fusce tristique justo id venenatis sodales. Donec fringilla luctus neque ut auctor. Aenean cursus, justo a hendrerit vestibulum, est quam ornare lacus, a convallis metus orci sit amet turpis. Fusce feugiat suscipit nisi, vitae lobortis odio ultricies non. Donec accumsan sem non nulla cursus, vel eleifend lorem scelerisque. Aliquam erat volutpat. Praesent ullamcorper tincidunt odio, ut lobortis ipsum. Nulla varius porttitor mauris, ac mollis augue mollis non. Mauris in ipsum congue magna feugiat maximus hendrerit non lacus. Nam pretium fringilla leo ut egestas. Mauris lacinia rutrum nisi id hendrerit. Morbi quis lacinia est. Maecenas dictum consectetur felis, in ornare felis porta id. Mauris dapibus condimentum iaculis. Ut venenatis quam volutpat lacus sagittis venenatis. Aliquam congue commodo tristique. Nunc dictum massa ante, et pretium mi pharetra ac. Nullam finibus, odio eget blandit sollicitudin, est urna sodales ante, vel molestie ipsum mi nec felis. Duis dictum at magna vitae vestibulum. Pellentesque eu ultrices massa. Integer tristique dui sodales eros ultrices, id aliquet elit tincidunt. Etiam vitae elit ultricies, feugiat elit sit amet, pellentesque est. Nunc mollis, justo et porta vestibulum, metus velit venenatis nisl, ut tristique metus magna in nisl. Morbi in augue scelerisque, tristique sapien in, efficitur nunc. Proin ultricies nec eros vel imperdiet. Phasellus non metus a erat aliquet faucibus eget eleifend sem. Fusce feugiat velit gravida ligula rhoncus elementum sed at nunc. Proin eleifend volutpat tortor, eget molestie nisl volutpat vel. Vivamus ac ligula tincidunt, euismod quam et, dignissim tortor. Nullam commodo diam a quam ultrices efficitur. Maecenas ut nibh vehicula magna suscipit vulputate non eget magna. Duis in ipsum quis diam auctor sodales quis nec mi. Vestibulum molestie rhoncus arcu ut scelerisque. Maecenas quis libero quis ligula pulvinar fringilla vel at turpis. Praesent lobortis sollicitudin molestie. Praesent scelerisque justo ac nibh sollicitudin tincidunt ac sit amet erat. Vestibulum tincidunt facilisis enim, id ornare leo congue a. Nullam sem massa, placerat vel vestibulum id, consequat non lacus. Nullam vel feugiat eros. Suspendisse bibendum nec leo ac auctor. Lorem ipsum dolor sit amet, consectetur adipiscing elit. Duis lobortis neque vel interdum dictum. Praesent suscipit, ante sed imperdiet mollis, felis augue fringilla mi, a iaculis ligula sapien in mauris. In quis faucibus massa. Nunc varius neque purus, tempor sollicitudin sem pellentesque at. Donec sapien ligula, finibus non lacus at, auctor semper enim. Proin placerat dui et ex convallis lobortis vel in eros. Nulla risus lacus, placerat at lacinia vitae, sagittis sed est. Integer fermentum quis libero eleifend sagittis. Cras eros risus, placerat vitae elit sollicitudin, blandit blandit ex. Quisque auctor tortor a sapien molestie consequat. Quisque lobortis mi et euismod sodales. Cras ultrices sem eros, sed venenatis est porttitor vitae. Pellentesque et odio eget augue pharetra consectetur id in eros. Vestibulum hendrerit sapien eget dictum luctus. Fusce eget sem quis elit vestibulum gravida. Vivamus tempus nunc ut urna egestas, non pharetra tortor rhoncus. Sed dictum lorem vitae lacus commodo porta. Duis porttitor quis erat quis fermentum. Cras rutrum ut odio ac placerat. Fusce turpis massa, tincidunt quis nulla a, mattis aliquam est. Mauris id metus fermentum neque efficitur interdum. Cras dignissim lectus fringilla dui hendrerit, quis pretium arcu gravida. Donec vitae felis blandit, dictum lectus sed, sagittis ligula. Nunc bibendum eget orci non molestie. Morbi risus metus, ultricies ut elit ut, dignissim dapibus nulla. Fusce consectetur cursus sollicitudin. In nec blandit enim. Morbi ac quam in mauris pellentesque bibendum. Nunc sit amet quam at ex commodo ullamcorper at vitae lectus. Quisque in erat ac magna mattis efficitur sit amet sit amet nunc. Aenean nec volutpat ipsum, ut lacinia est. Etiam elementum felis ligula, eu vehicula ante venenatis ac. Donec laoreet feugiat efficitur. Pellentesque at felis vitae augue iaculis hendrerit et ac tellus. Etiam vehicula, nibh at viverra hendrerit, risus mi dapibus sem, varius fermentum turpis sapien laoreet mi. Pellentesque accumsan purus nec tristique aliquam. Duis venenatis velit neque, at vulputate nunc iaculis sed. Morbi ut lorem vitae mi tempus scelerisque. Maecenas aliquet nisi tellus, nec rutrum quam sagittis ac. Nam lobortis pellentesque erat vel imperdiet. Donec tellus metus, blandit eget sem id, laoreet ultrices sem. Mauris sed dolor tortor. Fusce elementum sit amet neque maximus pretium. Nam sollicitudin velit ac feugiat feugiat. Quisque ullamcorper maximus lectus et bibendum. Fusce bibendum maximus viverra. In euismod eros velit, quis fringilla augue dignissim sit amet. In dapibus arcu mauris, quis pulvinar ipsum auctor ut. Suspendisse iaculis justo quam, ut congue orci condimentum non. Lorem ipsum dolor sit amet, consectetur adipiscing elit. Aliquam vitae est nisi. Ut et lorem vehicula, luctus est ut, porta lectus. Pellentesque habitant morbi tristique senectus et netus et malesuada fames ac turpis egestas. Nunc efficitur placerat sem, quis rhoncus nisl aliquam quis. Donec sem ipsum, posuere id nunc vel, ultrices cursus nulla. Pellentesque lobortis justo iaculis sagittis tempus. Fusce interdum ut risus sit amet lacinia. Orci varius natoque penatibus et magnis dis parturient montes, nascetur ridiculus mus. Morbi eu interdum erat. Nunc condimentum maximus arcu, ac porta augue efficitur eu. Vestibulum ante ipsum primis in faucibus orci luctus et ultrices posuere cubilia Curae; Curabitur gravida imperdiet felis, at tempor lectus aliquet a. Fusce sed massa diam. In hac habitasse platea dictumst. Phasellus quis mi finibus, lobortis ante eu, rhoncus augue. Aliquam nec velit libero. Quisque dignissim quam tortor. Morbi lacinia, dolor vitae semper dapibus, urna augue fermentum neque, eget mollis ante enim at diam. Donec quis malesuada odio. Donec sagittis ac leo ac commodo. Orci varius natoque penatibus et magnis dis parturient montes, nascetur ridiculus mus. Morbi et imperdiet risus. Suspendisse eu ornare sapien, porttitor interdum elit. Fusce suscipit orci vel magna ultrices, quis suscipit est laoreet. Praesent placerat augue ut eros cursus, non elementum metus efficitur. Vestibulum condimentum urna dapibus velit imperdiet blandit. Nullam dignissim lectus nulla, accumsan convallis neque sodales at. Etiam ornare metus risus, quis iaculis enim ultrices sed. Aenean tristique ut urna a lobortis. Sed sagittis convallis pellentesque. Integer enim quam, mollis id rutrum sit amet, euismod at nisi. Suspendisse et mauris ut purus consequat rhoncus. Maecenas vitae turpis sit amet tortor tristique placerat non a justo. Nullam condimentum ante viverra, viverra est nec, faucibus mi. Maecenas semper ex quis aliquet aliquet. Proin hendrerit dui a lorem bibendum, sed varius neque ullamcorper. Donec fermentum porta tellus, ut porttitor sem consectetur eget. Ut sit amet nibh eu elit condimentum interdum sed maximus eros. Cras condimentum porta sem. Curabitur sodales gravida ipsum suscipit rutrum. Vestibulum venenatis quam lectus, at posuere leo aliquet sit amet. Sed nunc orci, mattis a viverra ut, ullamcorper finibus urna. Interdum et malesuada fames ac ante ipsum primis in faucibus. Orci varius natoque penatibus et magnis dis parturient montes, nascetur ridiculus mus. Proin dapibus sed nunc pellentesque vestibulum.'),(3,'Ernest','Hemingway','1915-06-04',NULL,'Lorem ipsum dolor sit amet, consectetur adipiscing elit. Mauris ut lectus in eros finibus molestie eget vitae elit. Etiam accumsan rhoncus faucibus. Proin suscipit sagittis suscipit. Integer aliquet aliquet nibh id pellentesque. Sed placerat libero ut convallis fringilla. Class aptent taciti sociosqu ad litora torquent per conubia nostra, per inceptos himenaeos. Proin a diam quis nunc molestie condimentum vitae sit amet risus. Nullam rutrum, dolor in eleifend vestibulum, diam ligula commodo lacus, a viverra mauris orci et leo. Integer justo metus, vulputate id lectus vitae, aliquet tristique massa. Ut tortor risus, posuere sit amet euismod at, consequat quis massa. Integer imperdiet, nibh sit amet luctus condimentum, ante ante sagittis metus, vitae finibus sapien nibh vel sem. Etiam at sem felis. Duis lacus nisl, mattis non nunc eget, pretium tincidunt dolor. Aenean sit amet eros dui. Maecenas pretium, ipsum semper dapibus iaculis, felis sapien consequat turpis, et aliquam justo ex eget nunc. Suspendisse neque arcu, vehicula non ligula vehicula, fringilla maximus urna. Praesent lacinia faucibus elementum. Donec congue, orci ut tincidunt auctor, diam nunc facilisis leo, mattis eleifend libero leo in dui. Pellentesque in facilisis velit. Maecenas in feugiat felis, a sodales diam. Nam pharetra in justo vel malesuada. Curabitur tincidunt lacus nec lorem consectetur sagittis. Nulla efficitur lorem at accumsan maximus. Pellentesque habitant morbi tristique senectus et netus et malesuada fames ac turpis egestas. Nunc in pellentesque arcu. Curabitur pharetra leo egestas mi imperdiet, sit amet sagittis nisi maximus. Sed sollicitudin risus quis ligula tincidunt, id ullamcorper mi aliquet. Nulla mattis elit vel rutrum scelerisque. Praesent convallis nibh risus, ac placerat turpis volutpat a. Vestibulum turpis orci, tempor vel lectus vitae, sodales elementum purus. Duis varius euismod diam nec sollicitudin. Phasellus ipsum arcu, semper eget accumsan eu, convallis a arcu. Cras condimentum sapien ut massa imperdiet, vel laoreet neque porta. In vel fringilla ante. Quisque sed sapien eget nisl rhoncus efficitur. Sed eu urna posuere, blandit leo ut, rutrum sapien. Aenean sed augue fringilla, imperdiet odio et, pretium est. Curabitur venenatis nunc sit amet interdum ultrices. Proin et risus quis elit euismod euismod non non lorem. Sed suscipit eget tellus varius sagittis. Integer gravida suscipit facilisis. Nullam eu turpis purus. Maecenas aliquet vestibulum purus, at sollicitudin massa dignissim ut. Sed maximus finibus justo, vitae efficitur purus iaculis nec. Aliquam in justo lorem. Etiam cursus eleifend ipsum. Duis interdum diam eu elit commodo efficitur. Maecenas faucibus velit lectus, id lacinia mauris molestie ut. In hac habitasse platea dictumst. Etiam dictum cursus massa nec scelerisque. Nullam pulvinar arcu eget maximus cursus. Aliquam vel massa eros. Maecenas luctus orci nec purus accumsan interdum. Maecenas iaculis rutrum ex sit amet venenatis. Proin bibendum turpis nisl, ut efficitur ligula condimentum ut. Aenean luctus elit eu diam sodales, id aliquam sem sagittis. Vivamus dolor lectus, tincidunt non enim ac, pulvinar consequat mauris. Duis vitae euismod sapien, et mollis nisl. Aenean lobortis quis neque nec bibendum. In lobortis nibh sed velit dignissim, sit amet mattis mi lacinia. Donec eu neque eu ipsum luctus hendrerit at eget neque. Nam neque ipsum, aliquet accumsan diam et, hendrerit convallis leo. In vestibulum bibendum ipsum nec condimentum. Nunc ornare nunc odio, et ultricies ex mollis quis. Praesent et tempor sapien, vitae efficitur sapien. Fusce tristique justo id venenatis sodales. Donec fringilla luctus neque ut auctor. Aenean cursus, justo a hendrerit vestibulum, est quam ornare lacus, a convallis metus orci sit amet turpis. Fusce feugiat suscipit nisi, vitae lobortis odio ultricies non. Donec accumsan sem non nulla cursus, vel eleifend lorem scelerisque. Aliquam erat volutpat. Praesent ullamcorper tincidunt odio, ut lobortis ipsum. Nulla varius porttitor mauris, ac mollis augue mollis non. Mauris in ipsum congue magna feugiat maximus hendrerit non lacus. Nam pretium fringilla leo ut egestas. Mauris lacinia rutrum nisi id hendrerit. Morbi quis lacinia est. Maecenas dictum consectetur felis, in ornare felis porta id. Mauris dapibus condimentum iaculis. Ut venenatis quam volutpat lacus sagittis venenatis. Aliquam congue commodo tristique. Nunc dictum massa ante, et pretium mi pharetra ac. Nullam finibus, odio eget blandit sollicitudin, est urna sodales ante, vel molestie ipsum mi nec felis. Duis dictum at magna vitae vestibulum. Pellentesque eu ultrices massa. Integer tristique dui sodales eros ultrices, id aliquet elit tincidunt. Etiam vitae elit ultricies, feugiat elit sit amet, pellentesque est. Nunc mollis, justo et porta vestibulum, metus velit venenatis nisl, ut tristique metus magna in nisl. Morbi in augue scelerisque, tristique sapien in, efficitur nunc. Proin ultricies nec eros vel imperdiet. Phasellus non metus a erat aliquet faucibus eget eleifend sem. Fusce feugiat velit gravida ligula rhoncus elementum sed at nunc. Proin eleifend volutpat tortor, eget molestie nisl volutpat vel. Vivamus ac ligula tincidunt, euismod quam et, dignissim tortor. Nullam commodo diam a quam ultrices efficitur. Maecenas ut nibh vehicula magna suscipit vulputate non eget magna. Duis in ipsum quis diam auctor sodales quis nec mi. Vestibulum molestie rhoncus arcu ut scelerisque. Maecenas quis libero quis ligula pulvinar fringilla vel at turpis. Praesent lobortis sollicitudin molestie. Praesent scelerisque justo ac nibh sollicitudin tincidunt ac sit amet erat. Vestibulum tincidunt facilisis enim, id ornare leo congue a. Nullam sem massa, placerat vel vestibulum id, consequat non lacus. Nullam vel feugiat eros. Suspendisse bibendum nec leo ac auctor. Lorem ipsum dolor sit amet, consectetur adipiscing elit. Duis lobortis neque vel interdum dictum. Praesent suscipit, ante sed imperdiet mollis, felis augue fringilla mi, a iaculis ligula sapien in mauris. In quis faucibus massa. Nunc varius neque purus, tempor sollicitudin sem pellentesque at. Donec sapien ligula, finibus non lacus at, auctor semper enim. Proin placerat dui et ex convallis lobortis vel in eros. Nulla risus lacus, placerat at lacinia vitae, sagittis sed est. Integer fermentum quis libero eleifend sagittis.'),(4,'Jack','London','1945-03-07',NULL,'Cras rutrum ut odio ac placerat. Fusce turpis massa, tincidunt quis nulla a, mattis aliquam est. Mauris id metus fermentum neque efficitur interdum. Cras dignissim lectus fringilla dui hendrerit, quis pretium arcu gravida. Donec vitae felis blandit, dictum lectus sed, sagittis ligula. Nunc bibendum eget orci non molestie. Morbi risus metus, ultricies ut elit ut, dignissim dapibus nulla. Fusce consectetur cursus sollicitudin. In nec blandit enim. Morbi ac quam in mauris pellentesque bibendum. Nunc sit amet quam at ex commodo ullamcorper at vitae lectus. Quisque in erat ac magna mattis efficitur sit amet sit amet nunc. Aenean nec volutpat ipsum, ut lacinia est. Etiam elementum felis ligula, eu vehicula ante venenatis ac. Donec laoreet feugiat efficitur. Pellentesque at felis vitae augue iaculis hendrerit et ac tellus. Etiam vehicula, nibh at viverra hendrerit, risus mi dapibus sem, varius fermentum turpis sapien laoreet mi. Pellentesque accumsan purus nec tristique aliquam. Duis venenatis velit neque, at vulputate nunc iaculis sed. Morbi ut lorem vitae mi tempus scelerisque. Maecenas aliquet nisi tellus, nec rutrum quam sagittis ac. Nam lobortis pellentesque erat vel imperdiet. Donec tellus metus, blandit eget sem id, laoreet ultrices sem. Mauris sed dolor tortor. Fusce elementum sit amet neque maximus pretium. Nam sollicitudin velit ac feugiat feugiat. Quisque ullamcorper maximus lectus et bibendum. Fusce bibendum maximus viverra. In euismod eros velit, quis fringilla augue dignissim sit amet. In dapibus arcu mauris, quis pulvinar ipsum auctor ut. Suspendisse iaculis justo quam, ut congue orci condimentum non. Lorem ipsum dolor sit amet, consectetur adipiscing elit. Aliquam vitae est nisi. Ut et lorem vehicula, luctus est ut, porta lectus. Pellentesque habitant morbi tristique senectus et netus et malesuada fames ac turpis egestas. Nunc efficitur placerat sem, quis rhoncus nisl aliquam quis. Donec sem ipsum, posuere id nunc vel, ultrices cursus nulla. Pellentesque lobortis justo iaculis sagittis tempus. Fusce interdum ut risus sit amet lacinia. Orci varius natoque penatibus et magnis dis parturient montes, nascetur ridiculus mus. Morbi eu interdum erat. Nunc condimentum maximus arcu, ac porta augue efficitur eu. Vestibulum ante ipsum primis in faucibus orci luctus et ultrices posuere cubilia Curae; Curabitur gravida imperdiet felis, at tempor lectus aliquet a. Fusce sed massa diam. In hac habitasse platea dictumst. Phasellus quis mi finibus, lobortis ante eu, rhoncus augue. Aliquam nec velit libero. Quisque dignissim quam tortor. Morbi lacinia, dolor vitae semper dapibus, urna augue fermentum neque, eget mollis ante enim at diam. Donec quis malesuada odio. Donec sagittis ac leo ac commodo. Orci varius natoque penatibus et magnis dis parturient montes, nascetur ridiculus mus. Morbi et imperdiet risus. Suspendisse eu ornare sapien, porttitor interdum elit. Fusce suscipit orci vel magna ultrices, quis suscipit est laoreet. Praesent placerat augue ut eros cursus, non elementum metus efficitur. Vestibulum condimentum urna dapibus velit imperdiet blandit. Nullam dignissim lectus nulla, accumsan convallis neque sodales at. Etiam ornare metus risus, quis iaculis enim ultrices sed. Aenean tristique ut urna a lobortis. Sed sagittis convallis pellentesque. Integer enim quam, mollis id rutrum sit amet, euismod at nisi. Suspendisse et mauris ut purus consequat rhoncus. Maecenas vitae turpis sit amet tortor tristique placerat non a justo. Nullam condimentum ante viverra, viverra est nec, faucibus mi. Maecenas semper ex quis aliquet aliquet. Proin hendrerit dui a lorem bibendum, sed varius neque ullamcorper. Donec fermentum porta tellus, ut porttitor sem consectetur eget. Ut sit amet nibh eu elit condimentum interdum sed maximus eros. Cras condimentum porta sem. Curabitur sodales gravida ipsum suscipit rutrum. Vestibulum venenatis quam lectus, at posuere leo aliquet sit amet. Sed nunc orci, mattis a viverra ut, ullamcorper finibus urna. Interdum et malesuada fames ac ante ipsum primis in faucibus. Orci varius natoque penatibus et magnis dis parturient montes, nascetur ridiculus mus. Proin dapibus sed nunc pellentesque vestibulum.'),(6,'Edgar','Poe','1854-11-09',NULL,'Lorem ipsum dolor sit amet, consectetur adipiscing elit. Mauris ut lectus in eros finibus molestie eget vitae elit. Etiam accumsan rhoncus faucibus. Proin suscipit sagittis suscipit. Integer aliquet aliquet nibh id pellentesque. Sed placerat libero ut convallis fringilla. Class aptent taciti sociosqu ad litora torquent per conubia nostra, per inceptos himenaeos. Proin a diam quis nunc molestie condimentum vitae sit amet risus. Nullam rutrum, dolor in eleifend vestibulum, diam ligula commodo lacus, a viverra mauris orci et leo. Integer justo metus, vulputate id lectus vitae, aliquet tristique massa. Ut tortor risus, posuere sit amet euismod at, consequat quis massa. Integer imperdiet, nibh sit amet luctus condimentum, ante ante sagittis metus, vitae finibus sapien nibh vel sem. Etiam at sem felis. Duis lacus nisl, mattis non nunc eget, pretium tincidunt dolor. Aenean sit amet eros dui.\r\n\r\nMaecenas pretium, ipsum semper dapibus iaculis, felis sapien consequat turpis, et aliquam justo ex eget nunc. Suspendisse neque arcu, vehicula non ligula vehicula, fringilla maximus urna. Praesent lacinia faucibus elementum. Donec congue, orci ut tincidunt auctor, diam nunc facilisis leo, mattis eleifend libero leo in dui. Pellentesque in facilisis velit. Maecenas in feugiat felis, a sodales diam. Nam pharetra in justo vel malesuada. Curabitur tincidunt lacus nec lorem consectetur sagittis. Nulla efficitur lorem at accumsan maximus. Pellentesque habitant morbi tristique senectus et netus et malesuada fames ac turpis egestas. Nunc in pellentesque arcu. Curabitur pharetra leo egestas mi imperdiet, sit amet sagittis nisi maximus. Sed sollicitudin risus quis ligula tincidunt, id ullamcorper mi aliquet. Nulla mattis elit vel rutrum scelerisque. Praesent convallis nibh risus, ac placerat turpis volutpat a. Vestibulum turpis orci, tempor vel lectus vitae, sodales elementum purus.\r\n\r\nDuis varius euismod diam nec sollicitudin. Phasellus ipsum arcu, semper eget accumsan eu, convallis a arcu. Cras condimentum sapien ut massa imperdiet, vel laoreet neque porta. In vel fringilla ante. Quisque sed sapien eget nisl rhoncus efficitur. Sed eu urna posuere, blandit leo ut, rutrum sapien. Aenean sed augue fringilla, imperdiet odio et, pretium est. Curabitur venenatis nunc sit amet interdum ultrices. Proin et risus quis elit euismod euismod non non lorem. Sed suscipit eget tellus varius sagittis. Integer gravida suscipit facilisis. Nullam eu turpis purus. Maecenas aliquet vestibulum purus, at sollicitudin massa dignissim ut. Sed maximus finibus justo, vitae efficitur purus iaculis nec. Aliquam in justo lorem.\r\n\r\nEtiam cursus eleifend ipsum. Duis interdum diam eu elit commodo efficitur. Maecenas faucibus velit lectus, id lacinia mauris molestie ut. In hac habitasse platea dictumst. Etiam dictum cursus massa nec scelerisque. Nullam pulvinar arcu eget maximus cursus. Aliquam vel massa eros. Maecenas luctus orci nec purus accumsan interdum. Maecenas iaculis rutrum ex sit amet venenatis.\r\n\r\nProin bibendum turpis nisl, ut efficitur ligula condimentum ut. Aenean luctus elit eu diam sodales, id aliquam sem sagittis. Vivamus dolor lectus, tincidunt non enim ac, pulvinar consequat mauris. Duis vitae euismod sapien, et mollis nisl. Aenean lobortis quis neque nec bibendum. In lobortis nibh sed velit dignissim, sit amet mattis mi lacinia. Donec eu neque eu ipsum luctus hendrerit at eget neque. Nam neque ipsum, aliquet accumsan diam et, hendrerit convallis leo. In vestibulum bibendum ipsum nec condimentum. Nunc ornare nunc odio, et ultricies ex mollis quis. Praesent et tempor sapien, vitae efficitur sapien. Fusce tristique justo id venenatis sodales.\r\n\r\nDonec fringilla luctus neque ut auctor. Aenean cursus, justo a hendrerit vestibulum, est quam ornare lacus, a convallis metus orci sit amet turpis. Fusce feugiat suscipit nisi, vitae lobortis odio ultricies non. Donec accumsan sem non nulla cursus, vel eleifend lorem scelerisque. Aliquam erat volutpat. Praesent ullamcorper tincidunt odio, ut lobortis ipsum. Nulla varius porttitor mauris, ac mollis augue mollis non. Mauris in ipsum congue magna feugiat maximus hendrerit non lacus. Nam pretium fringilla leo ut egestas. Mauris lacinia rutrum nisi id hendrerit. Morbi quis lacinia est. Maecenas dictum consectetur felis, in ornare felis porta id. Mauris dapibus condimentum iaculis. Ut venenatis quam volutpat lacus sagittis venenatis. Aliquam congue commodo tristique. Nunc dictum massa ante, et pretium mi pharetra ac.\r\n\r\nNullam finibus, odio eget blandit sollicitudin, est urna sodales ante, vel molestie ipsum mi nec felis. Duis dictum at magna vitae vestibulum. Pellentesque eu ultrices massa. Integer tristique dui sodales eros ultrices, id aliquet elit tincidunt. Etiam vitae elit ultricies, feugiat elit sit amet, pellentesque est. Nunc mollis, justo et porta vestibulum, metus velit venenatis nisl, ut tristique metus magna in nisl. Morbi in augue scelerisque, tristique sapien in, efficitur nunc. Proin ultricies nec eros vel imperdiet. Phasellus non metus a erat aliquet faucibus eget eleifend sem. Fusce feugiat velit gravida ligula rhoncus elementum sed at nunc.\r\n\r\nProin eleifend volutpat tortor, eget molestie nisl volutpat vel. Vivamus ac ligula tincidunt, euismod quam et, dignissim tortor. Nullam commodo diam a quam ultrices efficitur. Maecenas ut nibh vehicula magna suscipit vulputate non eget magna. Duis in ipsum quis diam auctor sodales quis nec mi. Vestibulum molestie rhoncus arcu ut scelerisque. Maecenas quis libero quis ligula pulvinar fringilla vel at turpis. Praesent lobortis sollicitudin molestie. Praesent scelerisque justo ac nibh sollicitudin tincidunt ac sit amet erat. Vestibulum tincidunt facilisis enim, id ornare leo congue a. Nullam sem massa, placerat vel vestibulum id, consequat non lacus. Nullam vel feugiat eros. Suspendisse bibendum nec leo ac auctor. Lorem ipsum dolor sit amet, consectetur adipiscing elit. Duis lobortis neque vel interdum dictum. Praesent suscipit, ante sed imperdiet mollis, felis augue fringilla mi, a iaculis ligula sapien in mauris.\r\n\r\nIn quis faucibus massa. Nunc varius neque purus, tempor sollicitudin sem pellentesque at. Donec sapien ligula, finibus non lacus at, auctor semper enim. Proin placerat dui et ex convallis lobortis vel in eros. Nulla risus lacus, placerat at lacinia vitae, sagittis sed est. Integer fermentum quis libero eleifend sagittis. Cras eros risus, placerat vitae elit sollicitudin, blandit blandit ex. Quisque auctor tortor a sapien molestie consequat. Quisque lobortis mi et euismod sodales. Cras ultrices sem eros, sed venenatis est porttitor vitae. Pellentesque et odio eget augue pharetra consectetur id in eros. Vestibulum hendrerit sapien eget dictum luctus.\r\n\r\nFusce eget sem quis elit vestibulum gravida. Vivamus tempus nunc ut urna egestas, non pharetra tortor rhoncus. Sed dictum lorem vitae lacus commodo porta. Duis porttitor quis erat quis fermentum. Cras rutrum ut odio ac placerat. Fusce turpis massa, tincidunt quis nulla a, mattis aliquam est. Mauris id metus fermentum neque efficitur interdum. Cras dignissim lectus fringilla dui hendrerit, quis pretium arcu gravida. Donec vitae felis blandit, dictum lectus sed, sagittis ligula. Nunc bibendum eget orci non molestie. Morbi risus metus, ultricies ut elit ut, dignissim dapibus nulla. Fusce consectetur cursus sollicitudin. In nec blandit enim. Morbi ac quam in mauris pellentesque bibendum. Nunc sit amet quam at ex commodo ullamcorper at vitae lectus.\r\n\r\nQuisque in erat ac magna mattis efficitur sit amet sit amet nunc. Aenean nec volutpat ipsum, ut lacinia est. Etiam elementum felis ligula, eu vehicula ante venenatis ac. Donec laoreet feugiat efficitur. Pellentesque at felis vitae augue iaculis hendrerit et ac tellus. Etiam vehicula, nibh at viverra hendrerit, risus mi dapibus sem, varius fermentum turpis sapien laoreet mi. Pellentesque accumsan purus nec tristique aliquam. Duis venenatis velit neque, at vulputate nunc iaculis sed. Morbi ut lorem vitae mi tempus scelerisque. Maecenas aliquet nisi tellus, nec rutrum quam sagittis ac.\r\n\r\nNam lobortis pellentesque erat vel imperdiet. Donec tellus metus, blandit eget sem id, laoreet ultrices sem. Mauris sed dolor tortor. Fusce elementum sit amet neque maximus pretium. Nam sollicitudin velit ac feugiat feugiat. Quisque ullamcorper maximus lectus et bibendum. Fusce bibendum maximus viverra. In euismod eros velit, quis fringilla augue dignissim sit amet. In dapibus arcu mauris, quis pulvinar ipsum auctor ut. Suspendisse iaculis justo quam, ut congue orci condimentum non. Lorem ipsum dolor sit amet, consectetur adipiscing elit.\r\n\r\nAliquam vitae est nisi. Ut et lorem vehicula, luctus est ut, porta lectus. Pellentesque habitant morbi tristique senectus et netus et malesuada fames ac turpis egestas. Nunc efficitur placerat sem, quis rhoncus nisl aliquam quis. Donec sem ipsum, posuere id nunc vel, ultrices cursus nulla. Pellentesque lobortis justo iaculis sagittis tempus. Fusce interdum ut risus sit amet lacinia. Orci varius natoque penatibus et magnis dis parturient montes, nascetur ridiculus mus.\r\n\r\nMorbi eu interdum erat. Nunc condimentum maximus arcu, ac porta augue efficitur eu. Vestibulum ante ipsum primis in faucibus orci luctus et ultrices posuere cubilia Curae; Curabitur gravida imperdiet felis, at tempor lectus aliquet a. Fusce sed massa diam. In hac habitasse platea dictumst. Phasellus quis mi finibus, lobortis ante eu, rhoncus augue. Aliquam nec velit libero. Quisque dignissim quam tortor.\r\n\r\nMorbi lacinia, dolor vitae semper dapibus, urna augue fermentum neque, eget mollis ante enim at diam. Donec quis malesuada odio. Donec sagittis ac leo ac commodo. Orci varius natoque penatibus et magnis dis parturient montes, nascetur ridiculus mus. Morbi et imperdiet risus. Suspendisse eu ornare sapien, porttitor interdum elit. Fusce suscipit orci vel magna ultrices, quis suscipit est laoreet. Praesent placerat augue ut eros cursus, non elementum metus efficitur. Vestibulum condimentum urna dapibus velit imperdiet blandit. Nullam dignissim lectus nulla, accumsan convallis neque sodales at. Etiam ornare metus risus, quis iaculis enim ultrices sed. Aenean tristique ut urna a lobortis. Sed sagittis convallis pellentesque. Integer enim quam, mollis id rutrum sit amet, euismod at nisi. Suspendisse et mauris ut purus consequat rhoncus. Maecenas vitae turpis sit amet tortor tristique placerat non a justo.\r\n\r\nNullam condimentum ante viverra, viverra est nec, faucibus mi. Maecenas semper ex quis aliquet aliquet. Proin hendrerit dui a lorem bibendum, sed varius neque ullamcorper. Donec fermentum porta tellus, ut porttitor sem consectetur eget. Ut sit amet nibh eu elit condimentum interdum sed maximus eros. Cras condimentum porta sem. Curabitur sodales gravida ipsum suscipit rutrum. Vestibulum venenatis quam lectus, at posuere leo aliquet sit amet. Sed nunc orci, mattis a viverra ut, ullamcorper finibus urna. Interdum et malesuada fames ac ante ipsum primis in faucibus. Orci varius natoque penatibus et magnis dis parturient montes, nascetur ridiculus mus. Proin dapibus sed nunc pellentesque vestibulum.');
/*!40000 ALTER TABLE `author` ENABLE KEYS */;
UNLOCK TABLES;

--
-- Table structure for table `book`
--

DROP TABLE IF EXISTS `book`;
/*!40101 SET @saved_cs_client     = @@character_set_client */;
/*!40101 SET character_set_client = utf8 */;
CREATE TABLE `book` (
  `id` int(11) NOT NULL AUTO_INCREMENT,
  `description` text,
  `author_id` int(11) DEFAULT NULL,
  `name` varchar(255) DEFAULT NULL,
  `photo` varchar(255) DEFAULT NULL,
  PRIMARY KEY (`id`),
  KEY `author_id` (`author_id`),
  CONSTRAINT `book_ibfk_1` FOREIGN KEY (`author_id`) REFERENCES `author` (`id`)
) ENGINE=InnoDB AUTO_INCREMENT=10 DEFAULT CHARSET=utf8;
/*!40101 SET character_set_client = @saved_cs_client */;

--
-- Dumping data for table `book`
--

LOCK TABLES `book` WRITE;
/*!40000 ALTER TABLE `book` DISABLE KEYS */;
INSERT INTO `book` VALUES (1,'Proin bibendum turpis nisl, ut efficitur ligula condimentum ut. Aenean luctus elit eu diam sodales, id aliquam sem sagittis. Vivamus dolor lectus, tincidunt non enim ac, pulvinar consequat mauris. Duis vitae euismod sapien, et mollis nisl. Aenean lobortis quis neque nec bibendum. In lobortis nibh sed velit dignissim, sit amet mattis mi lacinia. Donec eu neque eu ipsum luctus hendrerit at eget neque. Nam neque ipsum, aliquet accumsan diam et, hendrerit convallis leo. In vestibulum bibendum ipsum nec condimentum. Nunc ornare nunc odio, et ultricies ex mollis quis. Praesent et tempor sapien, vitae efficitur sapien. Fusce tristique justo id venenatis sodales.',6,'Raven',NULL),(2,'Proin eleifend volutpat tortor, eget molestie nisl volutpat vel. Vivamus ac ligula tincidunt, euismod quam et, dignissim tortor. Nullam commodo diam a quam ultrices efficitur. Maecenas ut nibh vehicula magna suscipit vulputate non eget magna. Duis in ipsum quis diam auctor sodales quis nec mi. Vestibulum molestie rhoncus arcu ut scelerisque. Maecenas quis libero quis ligula pulvinar fringilla vel at turpis. Praesent lobortis sollicitudin molestie. Praesent scelerisque justo ac nibh sollicitudin tincidunt ac sit amet erat. Vestibulum tincidunt facilisis enim, id ornare leo congue a. Nullam sem massa, placerat vel vestibulum id, consequat non lacus. Nullam vel feugiat eros. Suspendisse bibendum nec leo ac auctor. Lorem ipsum dolor sit amet, consectetur adipiscing elit. Duis lobortis neque vel interdum dictum. Praesent suscipit, ante sed imperdiet mollis, felis augue fringilla mi, a iaculis ligula sapien in mauris.',3,'A Farewell to Arms',NULL),(3,'Lorem ipsum dolor sit amet, consectetur adipiscing elit. Mauris ut lectus in eros finibus molestie eget vitae elit. Etiam accumsan rhoncus faucibus. Proin suscipit sagittis suscipit. Integer aliquet aliquet nibh id pellentesque. Sed placerat libero ut convallis fringilla. Class aptent taciti sociosqu ad litora torquent per conubia nostra, per inceptos himenaeos. Proin a diam quis nunc molestie condimentum vitae sit amet risus. Nullam rutrum, dolor in eleifend vestibulum, diam ligula commodo lacus, a viverra mauris orci et leo. Integer justo metus, vulputate id lectus vitae, aliquet tristique massa. Ut tortor risus, posuere sit amet euismod at, consequat quis massa. Integer imperdiet, nibh sit amet luctus condimentum, ante ante sagittis metus, vitae finibus sapien nibh vel sem. Etiam at sem felis. Duis lacus nisl, mattis non nunc eget, pretium tincidunt dolor. Aenean sit amet eros dui.',2,'The Brothers Karamazov',NULL),(4,'Lorem ipsum dolor sit amet, consectetur adipiscing elit. Mauris ut lectus in eros finibus molestie eget vitae elit. Etiam accumsan rhoncus faucibus. Proin suscipit sagittis suscipit. Integer aliquet aliquet nibh id pellentesque. Sed placerat libero ut convallis fringilla. Class aptent taciti sociosqu ad litora torquent per conubia nostra, per inceptos himenaeos. Proin a diam quis nunc molestie condimentum vitae sit amet risus. Nullam rutrum, dolor in eleifend vestibulum, diam ligula commodo lacus, a viverra mauris orci et leo. Integer justo metus, vulputate id lectus vitae, aliquet tristique massa. Ut tortor risus, posuere sit amet euismod at, consequat quis massa. Integer imperdiet, nibh sit amet luctus condimentum, ante ante sagittis metus, vitae finibus sapien nibh vel sem. Etiam at sem felis.',4,'Martin Eden',NULL),(5,'Lorem ipsum dolor sit amet, consectetur adipiscing elit. Mauris ut lectus in eros finibus molestie eget vitae elit. Etiam accumsan rhoncus faucibus. Proin suscipit sagittis suscipit. Integer aliquet aliquet nibh id pellentesque. Sed placerat libero ut convallis fringilla. Class aptent taciti sociosqu ad litora torquent per conubia nostra, per inceptos himenaeos. Proin a diam quis nunc molestie condimentum vitae sit amet risus. Nullam rutrum, dolor in eleifend vestibulum, diam ligula commodo lacus, a viverra mauris orci et leo. Integer justo metus, vulputate id lectus vitae, aliquet tristique massa. Ut tortor risus, posuere sit amet euismod at, consequat quis massa. Integer imperdiet, nibh sit amet luctus condimentum, ante ante sagittis metus, vitae finibus sapien nibh vel sem. Etiam at sem felis.',6,'Black cat',NULL),(7,'Lorem ipsum dolor sit amet, consectetur adipiscing elit. Mauris ut lectus in eros finibus molestie eget vitae elit. Etiam accumsan rhoncus faucibus. Proin suscipit sagittis suscipit. Integer aliquet aliquet nibh id pellentesque. Sed placerat libero ut convallis fringilla. Class aptent taciti sociosqu ad litora torquent per conubia nostra, per inceptos himenaeos. Proin a diam quis nunc molestie condimentum vitae sit amet risus. Nullam rutrum, dolor in eleifend vestibulum, diam ligula commodo lacus, a viverra mauris orci et leo. Integer justo metus, vulputate id lectus vitae, aliquet tristique massa. Ut tortor risus, posuere sit amet euismod at, consequat quis massa. Integer imperdiet, nibh sit amet luctus condimentum, ante ante sagittis metus, vitae finibus sapien nibh vel sem. Etiam at sem felis. Duis lacus nisl, mattis non nunc eget, pretium tincidunt dolor. Aenean sit amet eros dui.\r\n\r\nMaecenas pretium, ipsum semper dapibus iaculis, felis sapien consequat turpis, et aliquam justo ex eget nunc. Suspendisse neque arcu, vehicula non ligula vehicula, fringilla maximus urna. Praesent lacinia faucibus elementum. Donec congue, orci ut tincidunt auctor, diam nunc facilisis leo, mattis eleifend libero leo in dui. Pellentesque in facilisis velit. Maecenas in feugiat felis, a sodales diam. Nam pharetra in justo vel malesuada. Curabitur tincidunt lacus nec lorem consectetur sagittis. Nulla efficitur lorem at accumsan maximus. Pellentesque habitant morbi tristique senectus et netus et malesuada fames ac turpis egestas. Nunc in pellentesque arcu. Curabitur pharetra leo egestas mi imperdiet, sit amet sagittis nisi maximus. Sed sollicitudin risus quis ligula tincidunt, id ullamcorper mi aliquet. Nulla mattis elit vel rutrum scelerisque. Praesent convallis nibh risus, ac placerat turpis volutpat a. Vestibulum turpis orci, tempor vel lectus vitae, sodales elementum purus.\r\n\r\nDuis varius euismod diam nec sollicitudin. Phasellus ipsum arcu, semper eget accumsan eu, convallis a arcu. Cras condimentum sapien ut massa imperdiet, vel laoreet neque porta. In vel fringilla ante. Quisque sed sapien eget nisl rhoncus efficitur. Sed eu urna posuere, blandit leo ut, rutrum sapien. Aenean sed augue fringilla, imperdiet odio et, pretium est. Curabitur venenatis nunc sit amet interdum ultrices. Proin et risus quis elit euismod euismod non non lorem. Sed suscipit eget tellus varius sagittis. Integer gravida suscipit facilisis. Nullam eu turpis purus. Maecenas aliquet vestibulum purus, at sollicitudin massa dignissim ut. Sed maximus finibus justo, vitae efficitur purus iaculis nec. Aliquam in justo lorem.\r\n\r\nEtiam cursus eleifend ipsum. Duis interdum diam eu elit commodo efficitur. Maecenas faucibus velit lectus, id lacinia mauris molestie ut. In hac habitasse platea dictumst. Etiam dictum cursus massa nec scelerisque. Nullam pulvinar arcu eget maximus cursus. Aliquam vel massa eros. Maecenas luctus orci nec purus accumsan interdum. Maecenas iaculis rutrum ex sit amet venenatis.\r\n\r\nProin bibendum turpis nisl, ut efficitur ligula condimentum ut. Aenean luctus elit eu diam sodales, id aliquam sem sagittis. Vivamus dolor lectus, tincidunt non enim ac, pulvinar consequat mauris. Duis vitae euismod sapien, et mollis nisl. Aenean lobortis quis neque nec bibendum. In lobortis nibh sed velit dignissim, sit amet mattis mi lacinia. Donec eu neque eu ipsum luctus hendrerit at eget neque. Nam neque ipsum, aliquet accumsan diam et, hendrerit convallis leo. In vestibulum bibendum ipsum nec condimentum. Nunc ornare nunc odio, et ultricies ex mollis quis. Praesent et tempor sapien, vitae efficitur sapien. Fusce tristique justo id venenatis sodales.\r\n\r\nDonec fringilla luctus neque ut auctor. Aenean cursus, justo a hendrerit vestibulum, est quam ornare lacus, a convallis metus orci sit amet turpis. Fusce feugiat suscipit nisi, vitae lobortis odio ultricies non. Donec accumsan sem non nulla cursus, vel eleifend lorem scelerisque. Aliquam erat volutpat. Praesent ullamcorper tincidunt odio, ut lobortis ipsum. Nulla varius porttitor mauris, ac mollis augue mollis non. Mauris in ipsum congue magna feugiat maximus hendrerit non lacus. Nam pretium fringilla leo ut egestas. Mauris lacinia rutrum nisi id hendrerit. Morbi quis lacinia est. Maecenas dictum consectetur felis, in ornare felis porta id. Mauris dapibus condimentum iaculis. Ut venenatis quam volutpat lacus sagittis venenatis. Aliquam congue commodo tristique. Nunc dictum massa ante, et pretium mi pharetra ac.\r\n\r\nProin eleifend volutpat tortor, eget molestie nisl volutpat vel. Vivamus ac ligula tincidunt, euismod quam et, dignissim tortor. Nullam commodo diam a quam ultrices efficitur. Maecenas ut nibh vehicula magna suscipit vulputate non eget magna. Duis in ipsum quis diam auctor sodales quis nec mi. Vestibulum molestie rhoncus arcu ut scelerisque. Maecenas quis libero quis ligula pulvinar fringilla vel at turpis. Praesent lobortis sollicitudin molestie. Praesent scelerisque justo ac nibh sollicitudin tincidunt ac sit amet erat. Vestibulum tincidunt facilisis enim, id ornare leo congue a. Nullam sem massa, placerat vel vestibulum id, consequat non lacus. Nullam vel feugiat eros. Suspendisse bibendum nec leo ac auctor. Lorem ipsum dolor sit amet, consectetur adipiscing elit. Duis lobortis neque vel interdum dictum. Praesent suscipit, ante sed imperdiet mollis, felis augue fringilla mi, a iaculis ligula sapien in mauris.\r\n\r\nIn quis faucibus massa. Nunc varius neque purus, tempor sollicitudin sem pellentesque at. Donec sapien ligula, finibus non lacus at, auctor semper enim. Proin placerat dui et ex convallis lobortis vel in eros. Nulla risus lacus, placerat at lacinia vitae, sagittis sed est. Integer fermentum quis libero eleifend sagittis. Cras eros risus, placerat vitae elit sollicitudin, blandit blandit ex. Quisque auctor tortor a sapien molestie consequat. Quisque lobortis mi et euismod sodales. Cras ultrices sem eros, sed venenatis est porttitor vitae. Pellentesque et odio eget augue pharetra consectetur id in eros. Vestibulum hendrerit sapien eget dictum luctus.\r\n\r\nFusce eget sem quis elit vestibulum gravida. Vivamus tempus nunc ut urna egestas, non pharetra tortor rhoncus. Sed dictum lorem vitae lacus commodo porta. Duis porttitor quis erat quis fermentum. Cras rutrum ut odio ac placerat. Fusce turpis massa, tincidunt quis nulla a, mattis aliquam est. Mauris id metus fermentum neque efficitur interdum. Cras dignissim lectus fringilla dui hendrerit, quis pretium arcu gravida. Donec vitae felis blandit, dictum lectus sed, sagittis ligula. Nunc bibendum eget orci non molestie. Morbi risus metus, ultricies ut elit ut, dignissim dapibus nulla. Fusce consectetur cursus sollicitudin. In nec blandit enim. Morbi ac quam in mauris pellentesque bibendum. Nunc sit amet quam at ex commodo ullamcorper at vitae lectus.\r\n\r\nQuisque in erat ac magna mattis efficitur sit amet sit amet nunc. Aenean nec volutpat ipsum, ut lacinia est. Etiam elementum felis ligula, eu vehicula ante venenatis ac. Donec laoreet feugiat efficitur. Pellentesque at felis vitae augue iaculis hendrerit et ac tellus. Etiam vehicula, nibh at viverra hendrerit, risus mi dapibus sem, varius fermentum turpis sapien laoreet mi. Pellentesque accumsan purus nec tristique aliquam. Duis venenatis velit neque, at vulputate nunc iaculis sed. Morbi ut lorem vitae mi tempus scelerisque. Maecenas aliquet nisi tellus, nec rutrum quam sagittis ac.\r\n\r\nNam lobortis pellentesque erat vel imperdiet. Donec tellus metus, blandit eget sem id, laoreet ultrices sem. Mauris sed dolor tortor. Fusce elementum sit amet neque maximus pretium. Nam sollicitudin velit ac feugiat feugiat. Quisque ullamcorper maximus lectus et bibendum. Fusce bibendum maximus viverra. In euismod eros velit, quis fringilla augue dignissim sit amet. In dapibus arcu mauris, quis pulvinar ipsum auctor ut. Suspendisse iaculis justo quam, ut congue orci condimentum non. Lorem ipsum dolor sit amet, consectetur adipiscing elit.\r\n\r\nAliquam vitae est nisi. Ut et lorem vehicula, luctus est ut, porta lectus. Pellentesque habitant morbi tristique senectus et netus et malesuada fames ac turpis egestas. Nunc efficitur placerat sem, quis rhoncus nisl aliquam quis. Donec sem ipsum, posuere id nunc vel, ultrices cursus nulla. Pellentesque lobortis justo iaculis sagittis tempus. Fusce interdum ut risus sit amet lacinia. Orci varius natoque penatibus et magnis dis parturient montes, nascetur ridiculus mus.\r\n\r\nMorbi eu interdum erat. Nunc condimentum maximus arcu, ac porta augue efficitur eu. Vestibulum ante ipsum primis in faucibus orci luctus et ultrices posuere cubilia Curae; Curabitur gravida imperdiet felis, at tempor lectus aliquet a. Fusce sed massa diam. In hac habitasse platea dictumst. Phasellus quis mi finibus, lobortis ante eu, rhoncus augue. Aliquam nec velit libero. Quisque dignissim quam tortor.\r\n\r\nMorbi lacinia, dolor vitae semper dapibus, urna augue fermentum neque, eget mollis ante enim at diam. Donec quis malesuada odio. Donec sagittis ac leo ac commodo. Orci varius natoque penatibus et magnis dis parturient montes, nascetur ridiculus mus. Morbi et imperdiet risus. Suspendisse eu ornare sapien, porttitor interdum elit. Fusce suscipit orci vel magna ultrices, quis suscipit est laoreet. Praesent placerat augue ut eros cursus, non elementum metus efficitur. Vestibulum condimentum urna dapibus velit imperdiet blandit. Nullam dignissim lectus nulla, accumsan convallis neque sodales at. Etiam ornare metus risus, quis iaculis enim ultrices sed. Aenean tristique ut urna a lobortis. Sed sagittis convallis pellentesque. Integer enim quam, mollis id rutrum sit amet, euismod at nisi. Suspendisse et mauris ut purus consequat rhoncus. Maecenas vitae turpis sit amet tortor tristique placerat non a justo.',3,'For Whom the Bell Tolls',NULL),(8,'Morbi eu interdum erat. Nunc condimentum maximus arcu, ac porta augue efficitur eu. Vestibulum ante ipsum primis in faucibus orci luctus et ultrices posuere cubilia Curae; Curabitur gravida imperdiet felis, at tempor lectus aliquet a. Fusce sed massa diam. In hac habitasse platea dictumst. Phasellus quis mi finibus, lobortis ante eu, rhoncus augue. Aliquam nec velit libero. Quisque dignissim quam tortor.\r\n\r\nMorbi lacinia, dolor vitae semper dapibus, urna augue fermentum neque, eget mollis ante enim at diam. Donec quis malesuada odio. Donec sagittis ac leo ac commodo. Orci varius natoque penatibus et magnis dis parturient montes, nascetur ridiculus mus. Morbi et imperdiet risus. Suspendisse eu ornare sapien, porttitor interdum elit. Fusce suscipit orci vel magna ultrices, quis suscipit est laoreet. Praesent placerat augue ut eros cursus, non elementum metus efficitur. Vestibulum condimentum urna dapibus velit imperdiet blandit. Nullam dignissim lectus nulla, accumsan convallis neque sodales at. Etiam ornare metus risus, quis iaculis enim ultrices sed. Aenean tristique ut urna a lobortis. Sed sagittis convallis pellentesque. Integer enim quam, mollis id rutrum sit amet, euismod at nisi. Suspendisse et mauris ut purus consequat rhoncus. Maecenas vitae turpis sit amet tortor tristique placerat non a justo.\r\n\r\nNullam condimentum ante viverra, viverra est nec, faucibus mi. Maecenas semper ex quis aliquet aliquet. Proin hendrerit dui a lorem bibendum, sed varius neque ullamcorper. Donec fermentum porta tellus, ut porttitor sem consectetur eget. Ut sit amet nibh eu elit condimentum interdum sed maximus eros. Cras condimentum porta sem. Curabitur sodales gravida ipsum suscipit rutrum. Vestibulum venenatis quam lectus, at posuere leo aliquet sit amet. Sed nunc orci, mattis a viverra ut, ullamcorper finibus urna. Interdum et malesuada fames ac ante ipsum primis in faucibus. Orci varius natoque penatibus et magnis dis parturient montes, nascetur ridiculus mus. Proin dapibus sed nunc pellentesque vestibulum.',4,'Northern Stories',NULL);
/*!40000 ALTER TABLE `book` ENABLE KEYS */;
UNLOCK TABLES;

--
-- Table structure for table `user`
--

DROP TABLE IF EXISTS `user`;
/*!40101 SET @saved_cs_client     = @@character_set_client */;
/*!40101 SET character_set_client = utf8 */;
CREATE TABLE `user` (
  `id` int(11) NOT NULL AUTO_INCREMENT,
  `username` varchar(255) DEFAULT NULL,
  `email` varchar(255) DEFAULT NULL,
  `password` varchar(255) DEFAULT NULL,
  PRIMARY KEY (`id`)
) ENGINE=InnoDB AUTO_INCREMENT=5 DEFAULT CHARSET=utf8;
/*!40101 SET character_set_client = @saved_cs_client */;

--
-- Dumping data for table `user`
--

LOCK TABLES `user` WRITE;
/*!40000 ALTER TABLE `user` DISABLE KEYS */;
INSERT INTO `user` VALUES (1,'user','user@mail.com','user'),(2,'doctor','doc@mail.com','user'),(3,'admin','admin@add.com','admin'),(4,'max','max@mail.com','user');
/*!40000 ALTER TABLE `user` ENABLE KEYS */;
UNLOCK TABLES;

--
-- Table structure for table `user_book`
--

DROP TABLE IF EXISTS `user_book`;
/*!40101 SET @saved_cs_client     = @@character_set_client */;
/*!40101 SET character_set_client = utf8 */;
CREATE TABLE `user_book` (
  `id` int(11) NOT NULL AUTO_INCREMENT,
  `date` date DEFAULT NULL,
  `user_id` int(11) DEFAULT NULL,
  `book_id` int(11) DEFAULT NULL,
  PRIMARY KEY (`id`),
  UNIQUE KEY `user_book` (`user_id`,`book_id`),
  KEY `book_id` (`book_id`),
  CONSTRAINT `user_book_ibfk_1` FOREIGN KEY (`book_id`) REFERENCES `book` (`id`),
  CONSTRAINT `user_book_ibfk_2` FOREIGN KEY (`user_id`) REFERENCES `user` (`id`)
) ENGINE=InnoDB AUTO_INCREMENT=88 DEFAULT CHARSET=utf8;
/*!40101 SET character_set_client = @saved_cs_client */;

--
-- Dumping data for table `user_book`
--

LOCK TABLES `user_book` WRITE;
/*!40000 ALTER TABLE `user_book` DISABLE KEYS */;
INSERT INTO `user_book` VALUES (4,'2017-05-30',2,2),(5,'2017-06-05',2,4),(6,'2017-06-04',2,5),(9,'2017-06-02',1,3),(11,'2017-06-07',4,4),(12,'2017-06-02',4,1),(14,'2017-06-01',1,5),(15,'2017-06-05',1,2),(58,'2017-06-07',1,8);
/*!40000 ALTER TABLE `user_book` ENABLE KEYS */;
UNLOCK TABLES;
/*!40103 SET TIME_ZONE=@OLD_TIME_ZONE */;

/*!40101 SET SQL_MODE=@OLD_SQL_MODE */;
/*!40014 SET FOREIGN_KEY_CHECKS=@OLD_FOREIGN_KEY_CHECKS */;
/*!40014 SET UNIQUE_CHECKS=@OLD_UNIQUE_CHECKS */;
/*!40101 SET CHARACTER_SET_CLIENT=@OLD_CHARACTER_SET_CLIENT */;
/*!40101 SET CHARACTER_SET_RESULTS=@OLD_CHARACTER_SET_RESULTS */;
/*!40101 SET COLLATION_CONNECTION=@OLD_COLLATION_CONNECTION */;
/*!40111 SET SQL_NOTES=@OLD_SQL_NOTES */;

-- Dump completed on 2017-06-08 14:02:57
